firstname,lastname,companyname,address,city,email
Francoise,Rautenstrauch,"Riebesell, H F Jr",2335 Canton Hwy #6,Windsor,francoise.rautenstrauch@rautenstrauch.com
Kendra,Loud,Deloitte & Touche,6 Arch St #9757,Alcida,kloud@gmail.com
Lourdes,Bauswell,Oklahoma Neon Inc,9547 Belmont Rd #21,Belleville,lourdes_bauswell@aol.com
Hannah,Edmison,M B A Paint Stores,73 Pittsford Victor Rd,Vancouver,hannah@yahoo.com
Tom,Loeza,Sheraton Shreveport Hotel,447 Commercial St Se,LIle-Perrot,tom.loeza@gmail.com
Queenie,Kramarczyk,Goeman Wood Products Inc,47 Garfield Ave,Swift Current,queenie.kramarczyk@kramarczyk.org
Hui,Portaro,A Storage Inn Of Gloucester,3 Mill Rd,Baker Brook,hui_portaro@cox.net
Josefa,Opitz,Norman Gale Isuzu,136 W Grand Ave #3,Delhi,josefa.opitz@opitz.org
Lea,Steinhaus,"James, Christopher Esq",80 Maplewood Dr #34,Bradford,lsteinhaus@cox.net
Paola,Vielma,Congress Title,58 Hancock St,Aurora,paola_vielma@aol.com
Hortencia,Bresser,Batavia Chamber Of Commerce,808 Calle De Industrias,New Waterford,hbresser@aol.com
Leanna,Tijerina,Stephenson Land Surveying,2859 Dorsett Rd,North York,leanna@cox.net
Danilo,Pride,Harry L Adams Incorporated,6857 Wall St,Red Deer,danilo_pride@hotmail.com
Huey,Marcille,Southern Idaho Pipe & Stl Corp,169 Journal Sq,Edmonton,huey.marcille@gmail.com
Apolonia,Warne,Kitchen People,3 E 31st St #77,Fredericton,apolonia@gmail.com
Chandra,Lagos,Meredith Realty Group Inc,7 N Dean St,Etobicoke,chandra.lagos@lagos.org
Crissy,Pacholec,Cgi Systems Inc,85 S State St,Barrie,crissy@aol.com
Gianna,Branin,All Brevard Cert Apprsls Inc,100 Main St,Calgary,gianna@aol.com
Valentin,Billa,General Color Co Inc,6185 Bohn St #72,Pangman,vbilla@yahoo.com
Ilona,Dudash,Adams Balcom & Larose Pc,2 Sutton Pl S #5727,Rouyn-Noranda,idudash@dudash.com
Willard,Lablanc,Mershon Metal Specialties Inc,1534 Sidco Dr,Leduc,wlablanc@yahoo.com
Lauryn,Randol,"Judy, Henry L Esq",4207 Leon Rd,North Vancouver,lauryn@yahoo.com
Laurena,Begin,"Barry, Anthony S Esq",7564 N Academy Ave,London,laurena.begin@begin.com
Elise,Michelle,"Thurman, William T Esq",88 E Saint Elmo Rd,Hamilton,elise@gmail.com
Corrie,Kardell,"Lynch, Steven J Esq",75 Westchester Ave,Pierrefonds,corrie_kardell@aol.com
Kimberely,Rabuse,"Carey, Paul D Esq",89 W 35th St #1,Windsor,kimberely.rabuse@cox.net
Tish,Violett,Electro Arc Manufacturing Co,1 Norris Ave #4095,Laval,tish.violett@violett.com
Hollis,Stanfield,Feehan Plumbing & Heating,5174 Interstate 45 N,Yellowhead County,hollis.stanfield@aol.com
Andree,Christmann,Easton Cooperative Bank,765 Rock Island Rd,Strathroy,andree.christmann@cox.net
Lyla,Fucillo,Hambro Forest Products Inc,7979 33  191,North River,lyla_fucillo@cox.net
Felton,Yafuso,"Penkava, Robert Md",202 Madison Ave,Ottawa,felton.yafuso@gmail.com
Dell,Polino,Saint John Neumann Nurse Home,56 Corporate Dr,Becancour,dell_polino@polino.com
Nohemi,Leko,"Bohne, Karl W Jr",37 Us Highway 12e E #6,Sault Ste. Marie,nohemi@aol.com
Tambra,Lembke,"Moore, Albert F Esq",6734 W Jackson Blvd,Salmon Arm,tlembke@lembke.org
Vicki,Maikoksoong,George Bigham & Associates,7 Tomahawk Dr,Richmond,vicki@gmail.com
Renato,Airhart,Super 8 Motel,1 Vernon Blvd,Calgary,renato_airhart@hotmail.com
Lenita,Darbro,"Ball, David S",2726 Franklin Hill Rd,Vernon,lenita@yahoo.com
Barney,Hagen,Fox Vision Center,6335 Fort Myer Dr,Saint-Hyacinthe,barney@yahoo.com
Matthew,Armacost,Livingston & Schneider Pc,220 Old Us Highway 441,Peterborough,matthew_armacost@gmail.com
Belen,Nelton,A Peter Howell Pc,77 Central Pky N,Quesnel,bnelton@gmail.com
Iesha,Wardle,Honker Cut Marine,781 Alabama Ave,Etobicoke,iesha@gmail.com
Francesco,Sarchet,Gabriel & Associates,22 Dearborn St,Regina,francesco@hotmail.com
Paulene,Rhule,Beck Corporation,21 E 64th Ave,Matane,paulene_rhule@rhule.org
Carole,Hughlett,"Kolodny, Howard Esq",9 N Central Ave,Abbotsford,carole_hughlett@hughlett.com
Miss,Dunning,Mcgladrey & Pullen,38 Douglas Rd E #39,Regina,mdunning@gmail.com
Elfrieda,Hinsch,Y 105 Kgfy,4929 Sidney St #8276,Vernon,elfrieda_hinsch@hinsch.org
Edelmira,Calzado,Chagrin Wine & Beverage Co,4936 Walcott Rd,Regina,edelmira@hotmail.com
Jaime,Wasurick,"Lewis, George L Esq",6760 E Fayette St #9,Saint-Damien,jaime_wasurick@hotmail.com
Lera,Hua,York Services Landscpg Divsn,6638 S Webster St #491,Miramichi,lhua@aol.com
Jame,Mastro,Janney Montgomery Scott Inc,4465 James St,Kitchener,jmastro@aol.com
Jillian,Hailstone,Global Securities Info Inc,8721 Everett Rd,Mississauga,jhailstone@yahoo.com
Louis,Zarling,Dealers Mfg Co,6 E Kingsbridge Rd,Stoneham-Et-Tewkesbury,louis@zarling.com
Emmett,Mcshaw,"Yaffa, Michael Esq",920 Union Blvd,Sault Ste. Marie,emmett_mcshaw@cox.net
Tammy,Sams,Photos Inc,5 Secaucus Rd,Nanaimo,tammy_sams@sams.com
Willis,Wylie,Acquired Knowledge Inc,646 9th St,Saint-Raymond,willis@yahoo.com
Maxima,Brzozowski,B Js Body Shop,864 Aupuni St,St Catharines,mbrzozowski@aol.com
Boris,Latif,Emlou Boutique,9390 Fortin Dr,Quebec,boris.latif@latif.com
Salina,Knavel,Schiller & Osbourn,4 Newark St,Arnprior,salina.knavel@gmail.com
Justa,Dini,Superior Coffee & Foods,8 J St,Vernon,justa.dini@hotmail.com
Amalia,Wolfgang,"Knutson, Becky S Esq",394 Dice Rd #861,Windsor,amalia_wolfgang@wolfgang.org
Felix,Tutterrow,Corinth Dry Cleaners,92 W 39th St #9990,London,ftutterrow@tutterrow.org
Eura,Mcglocklin,Graphic Color Litho Inc,9 N Monroe St,Lloydminster,eura@mcglocklin.org
Lang,Heuring,Hill Realty Property Mgmt,2 Global Rd,Cambridge,lang@cox.net
Agustin,Lakatos,"Thrasher, John E Esq",23 E Wacker Dr #64,Becancour,agustin.lakatos@hotmail.com
Jaime,Lowrance,Sams Liquor & Deli,1 Nw 167th St,Winnipeg,jaime.lowrance@lowrance.org
Carman,Gudiel,"Weiss, Martin Esq",1 Frontage Rd,St. Johns,carman@gmail.com
Argelia,Hofbauer,Medical Productions,5 Columbia,North Vancouver,argelia.hofbauer@cox.net
Mammie,Cisney,"Arellano, Cecilia S Md",14 E 30th St,Montreal,mammie@cox.net
Rashad,Menino,World Sign Associates,8 Commercial Ave,Carleton Place,rashad.menino@menino.com
Janna,Bastain,"Hastings, Robert R Jr",41 Drive  Hwy 54s S,Vancouver,janna@bastain.com
Callie,Neikirk,"Shields, Sheridn Cpa",6601 Park Ave #9924,Mississauga,callie.neikirk@neikirk.org
Coral,Helmcamp,Hepco Inc,4184 E 142nd St,Toronto,coral.helmcamp@helmcamp.org
Xenia,Mushero,Institute For Law & Jstc Inc,1 El Camino Ave #39,Kingston,xenia@aol.com
Adelle,Nitcher,John J Mccarthy Agency Inc,10 Midway Dr,Thorold,anitcher@aol.com
Hildegarde,Wehrwein,Ocean State Rental Corp,2 Cottman Ave,West Vancouver,hwehrwein@gmail.com
Phuong,Sugai,"Scholtes, William E Esq",8926 E 119th St #9,Lavaltrie,psugai@gmail.com
Leontine,Lafoy,"Caffrey, John F Esq",191 Richland St #5,Quebec,llafoy@aol.com
Darell,Mcalarney,Janney Montgomery Scott Inc,8 E 92nd St,Ajax,darell_mcalarney@mcalarney.com
Madonna,Landman,"Brown, Glenn Esq",283 Andover St,Castlegar,madonna.landman@landman.com
Chuck,Berggren,Weyerhaeuser Paper Co,764 Louisville Plac,St. Johns,chuck@gmail.com
Gregg,Epperheimer,Best Western Sterling House,59 W Jackson Blvd #11,Lasalle,gepperheimer@aol.com
Yan,Bubrig,Database Programming & Design,712 N 5th St,Grand Manan,yan@cox.net
Stephanie,Garlett,Brown Shoe Co,6 L St #1761,Kanata,stephanie.garlett@gmail.com
Alberto,Stenquist,Dowell Associates Inc,6126 E 14th St #6,St Catharines,alberto_stenquist@stenquist.org
Wayne,Shivers,Ram Page,865 Ponce De Leon Blvd,Chicoutimi,wayne@aol.com
Kristal,Bothe,L A Kennedy Inc,896 Pershing Ave,Paradise,kristal@hotmail.com
Florencia,Stadel,"Cornwell, Michael C Esq",178 Riverdale Rd,Ingersoll,fstadel@gmail.com
Darrin,Tumolillo,Metro Press,4 Pedretti Ave #2,Saskatoon,darrin@tumolillo.com
Freeman,Rudig,Ramsey Secretarial Service,4 W Sedgley Ave,Otterburn Park,freeman@yahoo.com
Lazaro,Mollison,United Drilling Inc,31 E Middlefield Rd #8555,Beloeil,lazaro@gmail.com
Ellsworth,Rieg,Peyote Bird Designs,7662 Us Highway 46 #9003,Napanee,erieg@hotmail.com
Brinda,Mrkvicka,Gittleman Muhlstock,1 Park Ave,Newbridge,brinda.mrkvicka@gmail.com
Florinda,Mackedanz,"Hoyt, Robert F Esq",2782 Midland Ave,Dieppe,florinda_mackedanz@mackedanz.org
Nadine,Swartzbeck,Contact Enterprises,3 Federal Blvd,Beloeil,nadine_swartzbeck@swartzbeck.org
Arlette,Torchio,A All In One Construction,485 Rolling Rd,Lasalle,arlette_torchio@hotmail.com
Adolph,Krivanec,Sas Rubber Inc,6605 Federal St,Etobicoke,akrivanec@hotmail.com
Georgiana,Colbath,Stewart Filmscreen Corp,505 E 9mile Rd,Sainte-Therese,gcolbath@hotmail.com
Rana,Lehn,"Freeman, Steven R Esq",32 Rocklyn Ave,Milton,rlehn@yahoo.com
Chi,Morgan,"Holmes, Armstead J Esq",2953 5th Ave #27,Saint-Raymond,chi@gmail.com
Starr,Prothro,Gs Roofing Company,133 Us Highway 206,Chicoutimi,sprothro@prothro.com
Glennis,Roseum,York Services Landscpg Divsn,1 Pershing Ave,Brandon,glennis.roseum@gmail.com
Thea,Petermeier,Anderson Heather Zane,402 Santa Isabel Ave,Sept-Iles,thea@hotmail.com
Rosalind,Persechino,Grand Prairie Chamber Commrce,86 Shady Run Rd,Kanata,rosalind.persechino@aol.com
Shenika,Tapian,Helco Sales Co,4 Collier Rd Nw,Ottawa,shenika.tapian@aol.com
Veta,Vandeberg,"Rickard, Deborah S",940 E Jefferson Ave,Juniper,vvandeberg@gmail.com
Herschel,Geneseo,Molded Dimensions Inc,7753 W 8th,Toronto,herschel@geneseo.com
Dianne,Tomasic,"Samios, Gus Esq",53 6  17 M At Bradleys,Dartmouth,dianne@yahoo.com
Micah,Gerten,Fairfield Inn,103 Madison Ave,St. Johns,micah@cox.net
Kaycee,Alaibilla,A & H Sptc Systems & Matl Inc,8788 E 64th Ave,Vancouver,kaycee.alaibilla@yahoo.com
Tesha,Brang,Butler Tool & Design Inc,831 Vanowen St #5,Montreal,tesha@aol.com
Marya,Chhour,Auchter Industrial Vac Inc,661 Pitkin Ave,Calgary,marya@cox.net
Ronnie,Kettelle,Pure Wtr Inc Wrldwd Corprt,3 Avenue Rt 295 #199,Halifax,ronnie_kettelle@aol.com
Mabel,Fower,"Swartz, John L Esq",709 W Waters Ave,Chicoutimi,mabel_fower@fower.com
Harley,Works,Alliance Construction Co Inc,27 Spring St,Woodstock,harley@cox.net
Joye,Nedman,Valley Credit Union,9 Court St,Regina,joye@cox.net
Luisa,Harnish,Level Export Sales Corp,82 Westminster Blvd,Vancouver,lharnish@harnish.com
Stacey,Lortz,Electrical Workers Unon Ibew,5039 Coffee Rd,Scarborough,stacey_lortz@aol.com
Reyes,Mesmer,"Richardson, David J Esq",9 E Thayer Ave #3,Hamilton,reyes@mesmer.org
Avery,Demus,Carriage House Cllsn Rpr Inc,1 Highland Ave,Maple Ridge,avery.demus@aol.com
Colby,Scotts,Mass Human Services Coalition,7 E 1st St,Barrie,cscotts@aol.com
Afton,Wrinkle,Super 8 Motel,652 5th Ave,Ottawa,awrinkle@wrinkle.org
India,Sifford,Fashion Shop & Save,162 Sunrise Plz,Toronto,isifford@sifford.org
Brunilda,Coin,Young Contractors Inc,300 Congers Rd #77,Saint-Paul,brunilda_coin@aol.com
Jenifer,Emanuel,"Bambrickv, Timothy F Esq",78 152nd Ave #4179,Duncan,jemanuel@emanuel.com
Makeda,Nosis,Lloyds Screenprinting,956 Sierra Ave,Toronto,makeda.nosis@yahoo.com
Vivan,Oppy,Record Journal,4696 Alewa Dr,Swift Current,voppy@gmail.com
Eric,Gazzola,Moriah Fund Inc,732 Congress St,Saint-Georges,eric@cox.net
Thersa,Davirro,"Herstein, Elliot J",863 E Mcdowell Rd,Kamloops,thersa.davirro@aol.com
Mindy,Presnal,"Gavin, William H Esq",82 Us Highway 111,Vancouver,mpresnal@yahoo.com
Luis,Metzner,Hyman And Lippitt,8868 S Arroyo Pkwy #996,Trois-Rivieres,lmetzner@metzner.org
Dawne,Mcloud,Bridger Scientific Inc,25 Keystone Xing,Stoney Creek,dmcloud@cox.net
Karrie,Kinikini,Lohmeyer Corrigan Taylor Pc,491 Main St #893,Kamloops,karrie_kinikini@kinikini.org
Mozelle,Hermon,Comfort Inn Of Lincoln,523 Spencerville Ct,Mount Pisgah,mozelle_hermon@cox.net
Mila,Hair,Bobby Reed Attorney At Law,515 S Main St,Saint-Leonard,mhair@cox.net
Gilma,Jefferys,Celestin Design Centre,147 E Centre St,Halifax,gjefferys@aol.com
Armanda,Mcduffie,"Voils, Otis V",989 Wyatt Dr #7,Cowansville,armanda.mcduffie@hotmail.com
Vonda,Normandeau,Crisell Cohee & Co,9891 Main St,Mirabel,vonda@yahoo.com
Truman,Mondale,"Metz, Roger E Esq",1657 N Green St,Peterborough,truman.mondale@aol.com
Elvis,Tenuta,Beloit Boxboard Co,6437 Date Palm Dr,Calgary,elvis_tenuta@tenuta.org
Loise,Dedaj,Magnotta Construction Co Inc,1062 Rd,Saskatoon,loise@aol.com
Jannette,Pedder,"Reif, W Michael Esq",73 Madison Ave,Vancouver,jpedder@pedder.com
Margo,Rand,Muscle Bound Bindery,344 Lyndon St,Concord,margo@rand.org
Dahlia,Benett,Doco School Empl Fed Crdt Un,3986 Home Life,Alma,dahlia_benett@aol.com
Dominga,Mckeon,Scott & Murphy Inc,68 Dd N #1,Trois-Rivieres,dominga_mckeon@yahoo.com
Hollis,Keomuangtai,Amsterdam News,27 7th St,Keswick,hollis.keomuangtai@cox.net
Carry,Ziller,Hatboro Delivery Service,8 Maynesboro St,Strathroy,carry@cox.net
Bong,Fears,Cabot Safety Corp Aorx Center,7 State St #1,Pierrefonds,bfears@fears.org
Yolande,Staiano,Williams Jamal Ltd,21 N 14th St,Orleans,yolande_staiano@gmail.com
Lottie,Hegdahl,Management Protection Services,45 W 21st St,Unionville,lottie_hegdahl@aol.com
Jose,Kylish,Nicks Printing,93 Law Dr,Pierrefonds,jose.kylish@aol.com
Tuyet,Abramovitz,"Gibbard, H Frank Iii",976 Cozycroft Ave,Richmond Hill,tuyet.abramovitz@abramovitz.com
Pearline,Provenzano,Information Marketing Svc Inc,611 S 2nd St,Concord,pearline.provenzano@provenzano.org
Robt,Hankison,Joseph Notarianni & Co,3780 Ronson Rd,Quebec,robt_hankison@cox.net
Shawnee,Kesten,N Amercn Min & Quar Equip Inc,5 W Irving Park Rd,Big Ridge,shawnee@yahoo.com
Lacresha,Quinones,John Drew Theater Of Gld Hall,48 Bernardo Cent,Vaudreuil-Dorion,lacresha@hotmail.com
Basilia,Vinroe,Ariz Association Of Life Und,45 S Wells Ave,Quebec,basilia.vinroe@gmail.com
Aleisha,Areizaga,Hi Port Distribtg Inc,960 Deming Way,Quebec,aareizaga@hotmail.com
Frank,Tryninewski,Interlink Marketing Inc,462 2nd St,Prince Albert,ftryninewski@gmail.com
Ria,Steinhorst,D H Auto Equip Inc,269 Commercial Dr,Jonquiere,ria.steinhorst@steinhorst.com
Carla,Kallenberger,Mcginness & Shaw,8 Commercial Blvd #9,Hanover,carla@aol.com
Lashanda,Skahan,Monogram Co,739 Stockton Ave,Gray Rapids,lashanda.skahan@aol.com
Jarod,Catalina,Industrial Precision Corp,60 Sunrise Ave,North Bay,jcatalina@aol.com
Leoma,Rabago,"Curtis, Martin L Dds",575 Washington St,Nanaimo,leoma.rabago@hotmail.com
Yasuko,Greeves,Plant,4634 Anania Dr,Vernon,ygreeves@cox.net
Jimmie,Snelling,Tri Lakes Chamber Of Commerce,24 Sw Bridgeport Rd,Oakville,jimmie.snelling@gmail.com
Titus,Dugre,American Lung Assoc,419 N Dixboro Rd #8,Gatineau,titus.dugre@dugre.org
Joanne,Teoh,"Rever, Irwin S Esq",1 W Sierra Madre Blvd #9985,St Catharines,joanne@yahoo.com
Suzi,Groom,"Comisky, James L",9 W Jackson Blvd,Surrey,suzi.groom@groom.org
Denny,Amazan,Pony Express National Memorial,4974 Rockburn Hill Rd #3,Surrey,denny@amazan.com
Willie,Coughlan,Brooktronics Engineering Corp,8545 S Westshore Blvd,Cantley,willie@aol.com
Margurite,Brake,"Moyer, David W Esq",258 S Ash Ave,Amherstburg,margurite.brake@yahoo.com
Arlen,Romack,"Whitehurst, William O Jr",1 W Green Bay St,Saint John,arlen.romack@yahoo.com
Shaniqua,Corna,"Durley, Colly J Esq",8 Sylvan Ave,North York,shaniqua@yahoo.com
William,Boccard,Dubosar & Davidson Pa,9 Clove Rd,Pointe-aux-Trembles,william@gmail.com
Silva,Riviere,Nimco Corp,10 Canal St,Pierrefonds,silva.riviere@riviere.org
Gearldine,Haberle,Robert Glen Distributing Co,62 N 3rd St,Calgary,gearldine_haberle@hotmail.com
Azalee,Aja,Interior Alternative,2607 Market St,Chateauguay,azalee.aja@cox.net
Kimbery,Plikerd,"Bain, James W Esq",62 15th Ave #63,Duncan,kimbery.plikerd@cox.net
Ricarda,Kratt,"Hersh, Peter S Md",1 Clairemont Mesa Blvd,New Glasgow,rkratt@yahoo.com
Macy,Massay,C H Fenstermaker & Assocs Inc,6 N Water St,Dauphin,macy@hotmail.com
Carol,Normington,Westwood Specialties,1 S Kresson St,Alma,carol@gmail.com
Blythe,Czaplinski,Ebw Inc Enterprise Brass Works,4 S 4th St,Calgary,blythe_czaplinski@czaplinski.com
Tanesha,Tesseneer,Alex Fries & Bros Inc,326 Witherspoon St,Etobicoke,tanesha_tesseneer@hotmail.com
Yaeko,Orndoff,Holcombe Armature Co,66 Hoffman St,St Thomas,yaeko_orndoff@orndoff.org
Broderick,Lorenz,"Frascella, Thomas P Esq",185 Davis St,Saskatoon,broderick_lorenz@hotmail.com
Twila,Shadle,"Marks, Seymour Esq",20 Simpson Ferry Rd,Victoria,tshadle@shadle.com
Sarina,Pead,Burgess Manning Inc,7821 16th St Nw,Ajax,spead@cox.net
Candra,Peets,Gator Supply & Equipment Inc,9 Pulaski Park Dr #7,North Bay,candra@hotmail.com
Von,Aprigliano,"Heller, Tom A Esq",63 Baronne St,Port Moody,von@aol.com
Natalya,Verso,Rose Cooper & English,74 Chestnut St,Kitchener,natalya_verso@yahoo.com
Stanton,Rigazio,Maxons Restorations Inc,4 Smith St #5,North York,srigazio@rigazio.org
Dona,Larner,Birmingham Historical Society,4298 E Drinker St,York,dona@hotmail.com
Cortney,Choice,"Schulman, Richard J Esq",80 S 33rd Pl,Greenfield Park,cortney.choice@choice.com
Ira,Betterton,Andersen Consulting,935 S Padre Island Dr,Halifax,ira.betterton@yahoo.com
Vanna,Pickle,Phipps & Bird,3 B Main #117,Newmarket,vanna_pickle@aol.com
Bo,Sabota,Land Engineering & Surv Co Inc,779 Moore St,Winnipeg,bo_sabota@sabota.com
Nathalie,Corners,Boldt Carlisle & Smith Cpa,14 Van Buren St,Peterborough,nathalie_corners@corners.org
Rodney,Lockamy,"Schultz, Barry J Esq",7 N Us Highway 67 #96,Ottawa,rodney_lockamy@aol.com
Elena,Hairr,"Reed, Crystal Md",31 Mechanic St #9839,Stephenville,ehairr@hotmail.com
Blossom,Kraatz,Vic Firth Inc,881 Route 38,North York,blossom_kraatz@kraatz.org
Loreen,Griepentrog,A J Cohen Distributor Inc,6 Monard Dr,Orleans,loreen_griepentrog@aol.com
Tayna,Keirnan,"Hartz, J Ernest Esq",18 Cowesett Ave,Barrie,tayna_keirnan@gmail.com
Nieves,Planty,"Swanson, Dennis V Esq",684 Albion Rd,Peterborough,nplanty@gmail.com
Glenn,Robinault,"Leikin, James",8700 S Jefferson Rd #676,Lachine,glenn.robinault@cox.net
Julianna,Racer,Cycle Motion Inc,4407 Chestnut Ridge Dr,Saint John,jracer@cox.net
Ashton,Nitchals,"Tirone, Anthony R Esq",13 Midway Pl,Oakville,ashton@cox.net
Shaun,Scovil,Stowe Away Lodge,253 Hamilton Ave #1684,Pickering,shaun_scovil@aol.com
Long,Shintaku,Georgetown Agency,8 W 41st Ave,Blainville,long.shintaku@shintaku.org
Vinnie,Meir,Halbar Enterprises Whol Clthng,559 Bridge Plz,Etobicoke,vmeir@meir.com
Lucia,Flipp,Days Inn,196 Touhy Ave,Scarborough,lucia@aol.com
Corazon,Ivaska,Ansonia Records Inc,6 W Lincoln Ave,Saskatoon,corazon@ivaska.org
Jaime,Perugini,Bei Motion Systems Co Inc,7071 E 7th St #56,Verdun,jaime_perugini@perugini.com
Miriam,Stakes,Sign Magic,784 Packerland Dr,Burlington,miriam.stakes@yahoo.com
Vallie,Nigl,Can Lines Inc,7823 N 36th Ave,North Vancouver,vallie@yahoo.com
Sheldon,Isachsen,"Young, Charles R Esq",35 Milnor St,Valley,sheldon@isachsen.org
Nickie,Balonek,Mcinerney Communications,7 Saint Nicholas Ave,North Vancouver,nickie.balonek@balonek.com
Fletcher,Caneles,Hy Cite Corp,87 Spencerville Ct #2,Hamilton,fcaneles@caneles.com
Rutha,Eisert,Quality Litho Printing,87 W 32nd St,Niagara Falls,rutha@eisert.com
Brandon,Geigel,Royal Title Service Inc,70 W Main St,Vancouver,bgeigel@gmail.com
Franchesca,Lamme,Euorpean Pretzel Bakery,3208 W Touhy Ave,Charlottetown,franchesca_lamme@yahoo.com
Lorriane,Naddeo,American Space Planners Inc,7 Airway Cir,Duncan,lorriane.naddeo@naddeo.org
Asuncion,Berson,"Link, Andrew P",54 Whitaker Way,Reinfeld,aberson@aol.com
Georgiann,Hoerter,"Orava, Stephen J Esq",4945 Progress Dr,Grand-Mere,georgiann_hoerter@hoerter.com
Hershel,Bultron,Kings Trophies & Engraving Co,658 W 30th St,London,hershel_bultron@bultron.org
Chu,Collopy,Chiropractic Care Center,8 E 9mile Rd #697,Trois-Rivieres,chu@aol.com
Bettina,Vosmus,Willamette Valley Walnuts Inc,7 Ryan Industrial Ct,Vancouver,bettina@hotmail.com
Lynsey,Sport,"Ross, Donald J Esq",7 Mccrea St,Chilliwack,lynsey.sport@aol.com
Phil,Kuechler,Sequins International Inc,7 Mcwhorter Rd,Jonquiere,phil_kuechler@gmail.com
Cordelia,Nicks,Pacific Valley Appraisal Svc,572 Simpson St,Georgetown,cnicks@nicks.org
Georgeanna,Marrano,Allied Fine Furniture,3493 Camino Ruiz,Hamilton,gmarrano@gmail.com
Rosendo,Lanter,Howe & Hutton Ltd,2052 E Semoran Blvd,Regina,rosendo@hotmail.com
Jerilyn,Norcia,Jaqua & Wheatley Pc,9 Main St,Hanover,jerilyn@hotmail.com
Elfriede,Bakeley,Krei 800 Radio Station,538 Fayetteville Street Mall,Grand-Sault/Grand Falls,ebakeley@bakeley.com
Harris,Sheck,New Lans Corporation,9875 Sheafe Rd,Montreal,harris@cox.net
Leonor,Beilinson,Lochaven Fed Svngs & Ln Assn,269 Distribution Way,Orleans,leonor.beilinson@hotmail.com
Terrilyn,Waska,"Corallino, Robert L Cpa",6 E Miraloma Ave,Gatineau,terrilyn_waska@hotmail.com
Maddie,Foulds,Sinclair Machine Products Inc,56 N Wood Ave #25,Montreal,maddie@hotmail.com
Melynda,Anstead,Leader,3 Lee Dr #8435,Longueuil,melynda@hotmail.com
Odette,Thigpen,Beauregard Federal Savings Bnk,1831 Everett Rd,Corner Brook,othigpen@thigpen.com
Steffanie,Meinen,"Rosenblum, Donn D Esq",801 W Belmont Ave,Montreal,steffanie.meinen@cox.net
Antonette,Stimac,"Kasprenski, Michael D Esq",61 N Westshore Blvd,Kitchener,antonette_stimac@stimac.org
Thora,Daneker,Engravers,6 Old York Rd,Gatineau,tdaneker@daneker.com
Nada,Massanet,"Shastri, S R Md",80 Sw End Blvd,Surrey,nmassanet@yahoo.com
Ivette,Dills,South Texas Prod Splty Inc,7585 Calle De Industrias,Reserve Mines,idills@cox.net
Devon,Delacerda,Kcon Inc,250 University Ave #9,Comox,devon@hotmail.com
Lon,Tibbles,May W L Co Inc,78 Eastway Dr,Mississauga,lon.tibbles@cox.net
Tennie,Santanna,M A C Insurance Agency,196 Waterman Ave #1,Trois-Rivieres,tennie@aol.com
Fidelia,Vilven,Gto Lithographers Inc,9 Meridian St,Scarborough,fvilven@vilven.org
Michal,Gunyan,Physician Manager,9514 Mount Vernon Ave,Quebec,michal_gunyan@gunyan.com
Enola,Yandow,Branan Photography,7 Sw 5th Ave,Dartmouth,eyandow@cox.net
Meghann,Mamudoski,Hampton Inn South,7675 N Solano Dr,Hebbville,meghann@cox.net
Latanya,Mattia,Swissotel Boston,8229 S Washington Ave,Portage la Prairie,lmattia@yahoo.com
Chandra,Firlik,Preston Trucking Co Inc,686 S Dupont Hwy,Oshawa,chandra@gmail.com
Barney,Dewer,"Anthony, Richard A Esq",88 Norris Ave #2,Bedford,bdewer@gmail.com
Ocie,Chreene,"Ellner, Harold J Md",72 W Hampden Ave,Orleans,ocie.chreene@aol.com
Precious,Dubray,Martin Research Inc,846 Middletown Blvd #427,Orillia,precious.dubray@dubray.com
Sanda,Laramie,Trafalgar Corp,5181 N Alma School Rd,Dawson Creek,slaramie@laramie.org
Gaynell,Benavente,Life Guard Apparel,71 W Indian School Rd,Thunder Bay,gaynell@hotmail.com
Bethanie,Cutsforth,Four Star Label Co Inc,5 Victory Ave,Cambridge,bethanie_cutsforth@cutsforth.org
Yvette,Capiga,"Stier, Brian E Esq",33 Broadway St #8539,Big Valley,yvette.capiga@yahoo.com
Alana,Blackmon,Invest Financial Corp,96 Hook Rd,Scarborough,ablackmon@gmail.com
Lakeesha,Beachel,"Olivera, Keith R Esq",1 Sw 72nd Ave,Chilliwack,lakeesha_beachel@aol.com
Ailene,Friedman,Spector Thread Co,479 Commerce Park,Enterprise,ailene@yahoo.com
Valene,Madson,H J Heinz Fld Ofc & Distrb Ctr,42 Main St,Alma,valene@madson.org
Floyd,Bub,Southeastern Services Inc,4701 N Cocoa Blvd,Toronto,fbub@bub.com
Josue,Hatherly,United States Chrome Corp Ca,755 135th St,Etobicoke,jhatherly@hatherly.org
Johnathon,Wadden,De Osu Inc,4714 S Main St,Peterborough,johnathon_wadden@hotmail.com
Kenneth,Drizin,Packaging Corp Of America,2 Scott Blvd,Amos,kdrizin@aol.com
Leila,Titzer,D W Rogers Co,9 Constitution Ave,Calgary,leila_titzer@aol.com
Marquetta,Quinlisk,Herregan Distributors Inc,2965 Lake Lizzie Dr,Mont-Royal,marquetta_quinlisk@aol.com
Annamae,Beliles,"Halberstadt, Bradley J Esq",8939 Merrill Field Dr,Burnaby,abeliles@gmail.com
An,Dosal,Cpa Affiliates Inc,8 Leoole St #3,Drummondville,adosal@hotmail.com
Karina,Cortesi,Video Monitoring Services,901 Broughton Ave #7,Saint-Bruno,karina_cortesi@hotmail.com
Otis,Luong,Kinkos Copies,263 L St #1255,Simcoe,oluong@gmail.com
Brendan,Kasperek,"Aebig, Sheena R Esq",84 L St #98,Coquitlam,brendan_kasperek@yahoo.com
Keith,Evartt,"Hamlet, Fred T Esq",973 El Camino Real,Derby Junction,kevartt@evartt.com
Paulina,Arand,Americon Gazelle Factory Outlt,5652 Wisconsin Ave,Winnipeg,paulina_arand@cox.net
Cherelle,Welschmeyer,Woodrow Taylor Homes Nv Ltd,2 Ramona Ave #6,Guelph,cherelle@hotmail.com
Percy,Neelon,Spiker Communications Inc,901 Highway 74,Rimouski,percy_neelon@cox.net
Margot,Storrs,"Wilson, Thomas M Iii",237 S French Ave,Woodbridge,mstorrs@cox.net
Paris,Bellis,Woodstown Natl Bnk & Trst Co,89 Parade St,Woodstock,paris@gmail.com
Sina,Masiejczyk,Misioneros Del Camino,3067 W Wabansia Ave,Etobicoke,smasiejczyk@cox.net
Kimi,Selfe,M & M Assoc Inc,2 W Kellogg Dr #5,Jonquiere,kimi@cox.net
Chun,Richrdson,"Hoyt, Robert F Esq",3 Aiea Heights #660,Regina,chun_richrdson@richrdson.org
Lelia,Thiemann,"Kleeman, Dena A Esq",440 Town Center Dr,Kamloops,lelia.thiemann@yahoo.com
Cordell,Zinda,"Kaye, Jeffrey A Esq",91 Argyle Rd,Sherbrooke,cordell_zinda@cox.net
Dorothy,Aitken,"Mcmillon, Wendy A Esq",4 Hanover Pike,Mississauga,dorothy.aitken@cox.net
Chauncey,Mcelreath,Buchman Enterprises Inc,615 Main St #3722,Vanier,chauncey.mcelreath@yahoo.com
Tenesha,Stropko,"Guroff, Julia H Esq",648 Waihona St #1152,Cardigan,tenesha.stropko@aol.com
Anjelica,Lovero,Dayton Appliance Parts Co,689 S Steele St #1887,Amherst,anjelica@lovero.org
Olga,Adessa,"Weiss, Arnold M Cpa",8507 Upland St,Burlington,oadessa@cox.net
Monte,Tindal,Amercn Inst For Conserve Hist,577 Page Ave,Laval,monte@cox.net
Pamela,Mccoskey,Thriftlodge,6 West St #2,Terrebonne,pamela.mccoskey@gmail.com
Toshia,Lippoldt,U Stor,7 Duluth St,Stoneham-Et-Tewkesbury,toshia_lippoldt@aol.com
Polly,Sandusky,Passumpsic Savings Bank,39 Logan Ave #9518,Hamilton,polly.sandusky@cox.net
Judy,Boerboom,Crissey Fowler Lumber Co,384 N Main St,Paradise,jboerboom@boerboom.com
Celestine,Pritt,James Heistand Inc,79 E 92nd St,Ottawa,celestine_pritt@cox.net
Murray,Fode,"Hughes, Richard D Esq",59 W Century Rd,Pointe-Claire,mfode@yahoo.com
Shoshana,Courter,Harry Jersig Center,8763 N Front St,Windsor,shoshana@courter.org
Glendora,Pezley,John L Scott Real Estate,2 80e E #7867,Edmonton,glendora.pezley@cox.net
Carlene,Kana,Oregon Cherry Growers Inc,541 N 88th Ave,Brantford,ckana@kana.com
Adria,Gilliam,Brokers Marketplace,60 15th Ave,Hamilton,adria_gilliam@cox.net
Paola,Perkins,M K Goulding And Associates,3951 Seaway Dr,Grande Prairie,paola.perkins@aol.com
Elina,Maury,Hobson Printing Co,2097 N Stonestreet Ave,North York,elina.maury@hotmail.com
Emile,Dorio,"Olson, Waldine H Esq",264 Jefferson Hwy #83,Saint-Bruno,edorio@cox.net
Zoila,Lannigan,Fox Chase Federal Savings Bank,40 N Dean St,York,zlannigan@aol.com
Yong,Yestramski,Kraft Foodservice Inc,365 Zebra Pl,Brantford,yong_yestramski@aol.com
Leontine,Stalma,Comprehensive Environ Svc Inc,859 Franquette Ave,Simcoe,lstalma@stalma.org
Troy,Dicus,Quick Turn Circuits Inc,58 Calle Arroyo,Trenton,troy_dicus@yahoo.com
Annamaria,Vanhuss,"Call, Dell R",8348 1st Ave W,Dundas,annamaria.vanhuss@cox.net
Dorothea,Lowther,"Herline, Georgia",2763 Fort Campbell Blvd #7554,Sudbury,dorothea_lowther@yahoo.com
Marion,Letran,"Snyder, Daniel Esq",5670 Leonis Blvd,Gatineau,marion_letran@cox.net
Avery,Masso,Far Western Trophy & Awards,6 Central Ave #664,Amherst,avery.masso@hotmail.com
Trinidad,Bredernitz,Tmr The Music Room,75 N Washington Ave,Lasalle,trinidad@yahoo.com
Herminia,Penso,Jurgemeyer Frey & Haufe,880 W South Water Market,Fort McMurray,hpenso@cox.net
Val,Bigaud,Mpsi Systems Inc,42 N 16th St #620,Montreal,val_bigaud@aol.com
Renay,Oviedo,"Wanek, Jerrold Esq",873 E Cumberland St,North York,renay.oviedo@oviedo.com
Buck,Kotow,Black Drill Co Inc,863 Mcgilchrist St Se,Thunder Bay,buck_kotow@aol.com
Toi,Rollison,Armored Transport Of Ca Inc,2 S Church St,Terrebonne,toi_rollison@rollison.com
Shanice,Pennel,Firm Security Systems Inc,31 N Canal St,Kingston,shanice.pennel@pennel.org
Oliva,Ramerez,Summit Dynamics,8688 Manning Blvd #547,Calgary,oramerez@yahoo.com
Tamera,Crocker,Cooper & Kelley,652 Pacific Hwy,Edmonton,tcrocker@cox.net
Melvin,Rather,Milt Charno & Assoc Inc,8794 34th Ave,Drummondville,melvin.rather@aol.com
Essie,Fitzke,Artistic Gifts Inc,9 3rd St,Welshpool,essie_fitzke@fitzke.org
Shay,Knieper,"Raby, Paul Ed",571 Maiden Ln #7,Brossard,shay.knieper@gmail.com
Ruby,Sensibaugh,Qualex Inc,637 Wright Rd,Coquitlam,ruby@sensibaugh.com
Caren,Doscher,Personal Christianity Chapel,1770 Mission Ave,Calgary,cdoscher@doscher.org
Frank,Amend,Preferred Service Group Inc,2583 Lincoln Blvd,Cambridge,frank@yahoo.com
Lasandra,Frisinger,Jmr Marketing & Graphics Corp,1 Highway 71 S,Abbotsford,lfrisinger@cox.net
Sommer,Frere,Bliss & Nyitray Inc,1309 Pitney Rd,Saint-Hubert,sfrere@yahoo.com
Gretchen,Mckeon,Nendels Inn/renton,809 W Bayshore Rd,Trail,gretchen.mckeon@gmail.com
Providencia,Marien,"Pond, William S Md",83 Magnavox Way,Ottawa,providencia.marien@marien.com
Lindsey,Arnoldi,Western States Petroleum Inc,87 Via Contenta,West Kelowna,larnoldi@arnoldi.com
Romana,Riesgraf,Sparta Engrg & Land Co Inc,986 Whitaker Way,Moncton,romana_riesgraf@hotmail.com
Nobuko,Logwood,Ads Inc,612 York St,Sarnia,nobuko.logwood@cox.net
Shawnna,Arredondo,Ef International Lang Schls,4 N Brand Blvd,Orleans,sarredondo@arredondo.com
Doyle,Hathcox,Women For Meaningful Summits,48 Market St,Prince George,doyle.hathcox@aol.com
Jacinta,Deppen,"Orourke, Denis M Esq",1458 W Henry St,Nelson,jdeppen@cox.net
Tawanna,Kuamoo,"Walker, L Mark Esq",380 Main St,Matane,tawanna_kuamoo@gmail.com
Christa,Cloutier,Abc Financial Systems,743 Wolfert Ave,Calgary,ccloutier@hotmail.com
Noe,Kotz,"Bryant, Julian A Jr",3878 Little John Way,Salt Spring Island,nkotz@kotz.org
Ellen,Fajen,"Kowall, Carol Esq",32 Marguerite Pky,Edmonton,ellen.fajen@aol.com
Tequila,Pelletier,Feldman Co Inc,6173 Landmeier Rd,Richmond Hill,tequila_pelletier@cox.net
Tawny,Bonventre,Bell Mirror & Glass Inc,5 Middletown Blvd,Richmond,tbonventre@aol.com
Rosalyn,Mcspedon,Elton Iron Co Inc,449 Oakwood Ave,Kingston,rosalyn.mcspedon@mcspedon.org
Noble,Miyata,Auto Trim Design,7059 E Kilbourn Ave #252,Tillsonburg,noble_miyata@gmail.com
Lucille,Hubbell,E Z Tel Dirctry Brkrs & Banks,8 General Dr,Nanaimo,lhubbell@yahoo.com
Azzie,Tuazon,Ruby Mfg & Sales,5518 Whippany Rd,Oakville,azzie.tuazon@hotmail.com
Darci,Arau,Broadside Press,2 Hill Rd,Trois-Rivieres,darci@cox.net
King,Suman,Meek & Associates Real Estate,79 Lexington Ave #83,Chicoutimi,king@cox.net
Denny,Zeanah,Associated Brokers Inc,339 W 1st St,Montreal,denny_zeanah@zeanah.com
Anissa,Frayer,Vend Alaska,7635 Run Subdivision,Surrey,afrayer@frayer.com
Rosann,Heinricher,Ramapo Memorial Co,91 Nw 52nd Ave,Mirabel,rosann_heinricher@heinricher.com
Jeannine,Rippy,"Huetter, Glen A Jr",7767 W Central Ave #2,Truro,jeannine_rippy@rippy.com
Lashaun,Casteneda,Gerald A Coniglio Md/facs,894 Feather River Blvd,Edmonton,lashaun.casteneda@casteneda.com
Miesha,Walen,Nabisco Inc,2 Executive Blvd,Espanola,miesha@aol.com
Marva,Kountz,"Rabin, Daniel S Esq",1 N Main St #16,Etobicoke,marva@gmail.com
Dion,Lamastus,National Compugraphix Inc,44 S Highland Dr,Albanel,dion_lamastus@lamastus.com
Hassie,Sarkin,"Eisen, Lisa",958 Airline Dr,Valley,hassie_sarkin@aol.com
Jin,Perry,Arens Publications & Printing,18 Cameron St,Etobicoke,jin_perry@gmail.com
Demetra,Peth,"Irvine, Stephanie B Esq",79 E Jackson St,Sherbrooke,demetra_peth@aol.com
Irene,Benauides,"Bilicic, Kimberly A Esq",45 19th St,Lyttleton,irene.benauides@gmail.com
Colton,Pesqueira,Willow Foods Inc,305 Industrial Blvd,Oakville,cpesqueira@hotmail.com
William,Cilento,"Boland, William T Jr",1434 Ash St,Trochu,william.cilento@gmail.com
Shannan,Cupit,Golden West Machine Inc,6 S San Marcos Rd,North York,shannan@cox.net
Shelba,Kast,Mccarn Enterprises Inc,56 Washington Rd,Halifax,shelba.kast@yahoo.com
Dorcas,Diebold,Tradition Music Co,8899 E Slauson Ave,Mississauga,dorcas_diebold@diebold.com
Rochell,Wetherby,Img Scene Internet Multimedia,142 E 57th Ave #2,Amqui,rwetherby@wetherby.org
Amber,Windell,Rose & Co Management Cnslnts,41 Augusta Hwy,Richmond,amber.windell@cox.net
Stefanie,Prinkey,Cheyenne Business Equipment,985 Joyce St,Surrey,stefanie_prinkey@prinkey.org
Kenia,Sharples,Marc Hotels & Resorts Inc,611 Grand Ave,Calgary,kenia_sharples@hotmail.com
Jacquline,Libbey,"Gwinn, Malcolm S Esq",647 S Rainbow Blvd Bldg #4577,Cap-aux-Meules,jacquline@cox.net
Lavina,Michelet,Environmental Data Resources,2719 N Delaware St,Anjou,lavina.michelet@michelet.org
Billi,Kazar,"Bogart, Edward J Esq",71 Linden Ave,Surrey,bkazar@hotmail.com
Aron,Leuthold,"Huber, J R Esq",9 Park St,Chilliwack,aron_leuthold@leuthold.com
Annice,Tartar,Computer Services,430 State Route 10 #7548,Sherbrooke,atartar@cox.net
Hyun,Zarazua,V R Food Equipt Sales Inc,8718 N 13th Ave,Chatham,hyun_zarazua@cox.net
Shala,Ogle,Plaza Inn,4956 Midway Rd #65,Fatima,shala_ogle@ogle.org
Shasta,Canonico,Rob Young Ldo,71 West Ave,Sault Ste. Marie,shasta_canonico@aol.com
Wenona,Braseth,"Weinbren, Don B Esq",7 Ramon Rd,Beloeil,wenona.braseth@braseth.org
Marla,Gallati,Peking Garden,922 Railroad Ave #7063,Lachine,mgallati@gmail.com
Myra,Palenik,"Evans, Gerald H Esq",5661 Harding St,Montmagny,myra_palenik@palenik.com
Lawanda,Jacocks,Houma Fabricators Inc,92 A Glenneyre Ave,Cranbrook,lawanda.jacocks@gmail.com
Curt,Kohlman,"Bowden, Mona M Esq",5 Westbranch Dr #36,Saskatoon,ckohlman@hotmail.com
Susy,Finstad,"Weiner, Sheldon Md",6 N Town East Blvd,Calgary,sfinstad@aol.com
Kathrine,Kaper,"Davis, Maxon R Esq",100 Rombouts Ave,Halifax,kkaper@aol.com
Oneida,Pospishil,Katherine Goldman Pc,5 E King St #6,Victoriaville,opospishil@aol.com
Allene,Perera,M T I Corp,7167 Bethlehem Pike #80,Etobicoke,allene@yahoo.com
Leonardo,Leahman,"Jacks, Gerald H Esq",80 Wisconsin Ave,Calgary,leonardo@aol.com
Nakisha,Russi,Builders General Supply Co,8265 W Camelback Rd,Lethbridge,nakisha_russi@russi.com
Stephanie,Rolling,Gaber Nyman & Co,45 S Cedar Ridge Dr,Lloydminster,srolling@rolling.org
Florinda,Haycock,"Janik, Frank J Iii",6096 N Michigan Ave,Gatineau,florinda_haycock@cox.net
Merri,Geberth,Juniata College,4 Beaverbrook Rd,Winnipeg,merri.geberth@geberth.com
Malcom,Vereen,Weso Radio Station,548 Midland Ave,Windsor,malcom.vereen@yahoo.com
Louvenia,Abney,L M Mccown & Son Co,6 Friendship Dr #5055,Prince Albert,louvenia_abney@hotmail.com
Alita,Borlace,Medicine Shoppe,5 S Gage St #6175,Kenora,alita_borlace@yahoo.com
Noemi,Ill,Lafayette Apprl Producers Inc,18 Nw 6th St,Sault Ste. Marie,noemi_ill@ill.com
Nydia,Ancar,C C Industries,5 Pittsford Victor Rd,Edmonton,nydia.ancar@ancar.com
Hana,Meisel,"Whitehead, David Barry Esq",6 E Rand Rd #73,Calgary,hana.meisel@yahoo.com
Noel,Marrazzo,Market Decisions Inc,91 E Cary St,Camrose,noel@cox.net
Brice,Rowe,Maryland Match Corp,5 New Circle Rd Ne,Belleville,brice_rowe@aol.com
Nguyet,Kitchens,Institute For Human Dev,68 Nw Raleigh St #88,Red Deer,nguyet_kitchens@yahoo.com
Janae,Mair,Park Avenue Audio Inc,8 S Mcmullen Dr #38,Ajax,janae_mair@cox.net
Darrel,Makley,Alliedsignal Engines,6 N Volusia Ave #2,Baie-Sainte-Anne,dmakley@yahoo.com
Genevieve,Milionis,J & M Janitorial Supplies,5 Cedar St,Sault Ste. Marie,genevieve.milionis@hotmail.com
Giovanna,Bacho,Rumford Aquarium Inc,71 S Newtown St,North Vancouver,giovanna@cox.net
Shelton,Spannuth,"Bell, David M Esq",4 Bloomfield Ave #5,Brandon,shelton.spannuth@yahoo.com
Alison,Mahlum,Walter Jerome Inc,841 N Monroe St,Belleville,alison_mahlum@hotmail.com
Maynard,Zufall,"Larkin, Jay Robert Esq",5094 Poway Rd,Vancouver,mzufall@gmail.com
Timothy,Bussert,"Purdy, Angeline Esq",43 Winnetka Ave,Toronto,timothy@bussert.com
Viola,Eddens,Hales Corners Village Printing,51 S Hulen St,Grand Manan,veddens@eddens.org
Luann,Michon,Macnaughton Einson Graphics,5 Goddard Rd,Montreal,luann@cox.net
Mable,Goerke,Detroit Newspapers,7 Woodbridge Ave,Toronto,mable_goerke@cox.net
Sabine,Kaea,"Westerman, Bryan",48 Lower Ragsdale Dr #1349,Brampton,sabine@gmail.com
Dolores,Moltz,Auto Exchange,80 S Beckley St,Fredericton,dolores@yahoo.com
Hannah,Suero,Confish Inc,3314 Hawthorne St,Oakville,hsuero@yahoo.com
Sonia,Blan,Kinkos Copies,924 W Saint Mary Blvd,Deer Lake,sblan@blan.com
Cletus,Stapels,Fewel Northwest Inc,9713 Wilbur Ave #163,Edmonton,cletus_stapels@cox.net
Asha,Zoldak,Ducson Sportswear Inc,4 Gray Ave,Saint-Stanislas,asha_zoldak@hotmail.com
Verlene,Billow,Capital Environ Drill Svc Inc,8528 A Park Rd,Brampton,vbillow@billow.com
Yesenia,Giglio,Basque Plastics Corp,1262 W 19th St,Janeville,yesenia@cox.net
Tayna,Sine,"Bailey, Lesli Esq",99 Garfield Ave #370,Burlington,tayna_sine@sine.com
Verona,Jobst,M C Green & Sons,9041 Grand Plaza Plac,Montreal,verona_jobst@jobst.org
Denae,Eggers,Brookwood Inn,475 S Figueroa St,Winnipeg,denae_eggers@gmail.com
Rikki,Montalgo,Emergency Management,7 Lagrange St #10,Montreal,rikki@montalgo.com
Nan,Weekly,Kates Boylston Publicatns Inc,16 Ridge Center,London,nan@weekly.com
Sherell,Despain,Colonial Color Corp,66 62nd St #30,Surrey,sdespain@hotmail.com
Coral,Brennick,"Barbour, Michael J Esq",15 Ludlow Ave #156,Boucherville,coral.brennick@brennick.com
Phyliss,Huelse,Best Western Doublewood Inn,672 Neil Armstrong St #59,Lethbridge,phyliss_huelse@aol.com
Jesse,Wida,Mt Plsnt Dly Tribune Sunday,1 E Gabilan St,Burlington,jesse@wida.com
Latonia,Helander,Gebhardt & Smith,6325 Statesville Rd,Brampton,latonia@helander.com
Aimee,Clozza,Cdm Transportation,7 N Wacker Dr #42,Ottawa,aimee_clozza@clozza.org
Marcelle,Staie,"Butler, Frank B Esq",76 N Harlem Ave,Stoney Creek,marcelle_staie@aol.com
Ilda,Schuring,Secaucus Guide Book,80 Ringwood Ave #7,St. Albert,ilda_schuring@schuring.com
Aileen,Klukken,"Stamper, Gerald Esq",8 Wilfong Ln,North York,aklukken@klukken.com
Davida,Zeng,"Conway, John J Esq",8881 Hopkins St,Sainte-Sophie,davida_zeng@yahoo.com
Beata,Rubarts,Jay N Bee Office Solutions Ltd,19 Torresdale Ave #58,Victoria,beata_rubarts@aol.com
Angelyn,Wieand,Edith Flagg Inc,79 Craig Rd,Brampton,angelyn_wieand@wieand.com
Claudio,Hummell,"Blatt, Harold G Esq",432 Eastman Ave,Calgary,claudio_hummell@hotmail.com
Krystal,Twyman,Shell Western Hills,9 Garcia Ave #38,Scarborough,ktwyman@gmail.com
Adela,Echegoyen,Fpa Corp,128 W Kellogg Dr,Burnaby,adela.echegoyen@echegoyen.org
Ryan,Phibbs,Citrus Power Equipment,7827 Commercial St Se #37,Regina,rphibbs@gmail.com
Edmond,Buettner,Eden Bail Bond Information Ctr,67 N Washington Ave #960,Saint-Eustache,edmond_buettner@buettner.org
Catina,Emmert,Noack & Dean Ins Agtts & Brkrs,19 Distribution Way,Thunder Bay,catina@gmail.com
Milly,Pattengale,"Schell, Eric F Esq",20 Fort Campbell Blvd #4792,Wetaskiwin,milly@hotmail.com
Jules,Erichsen,Eberhard Mfg Co Div Estrn Co,1 Parkfair Dr #1219,Mississauga,jules@cox.net
Denna,Miklitz,Cptal Meats & Provisions Co,1736 Us Highway 19n N #6,Saint-Jean-sur-Richelieu,dmiklitz@yahoo.com
Willetta,Cesa,Alpha Services Co,578 E Us Highway 36 #3,Membertou,willetta_cesa@gmail.com
Johna,Magathan,Park Metal Inc,1724 W Dodge Rd,Edmonton,jmagathan@magathan.org
Ollie,Oliverson,"Redemann, Robert P Esq",1 W 8th,Etobicoke,ooliverson@cox.net
Sherly,Vitrano,Stangels Financial Services,8 Cochise Trl,Sydney,svitrano@hotmail.com
Kindra,Dishong,"Mcclanathan, Peter D Esq",4 Sutton Ln,Nepean,kdishong@gmail.com
Vanda,Tentler,Oklahoma Ford Power Products,7 Shetland Ct,Kimberley,vanda_tentler@tentler.org
Marshall,Fitgerald,Mpw Communities Of N J,526 Main St,Calgary,marshall_fitgerald@cox.net
Kelvin,Hasha,"Orourke, Denise Michelle Esq",18 Duluth St,Edmonton,khasha@hotmail.com
Darrin,Mathiasen,Milton Daily Standard,35 Peconic Ave #4,Boucherville,dmathiasen@hotmail.com
Susana,Mccarley,Kinkos Copies,7 S Quebec,Windsor,susana_mccarley@gmail.com
Wilson,Nickelson,Brobeck Phleger & Harrison,74 Se 3rd Ave #1494,North York,wilson_nickelson@aol.com
Malissa,Talty,"Stafford, William P Ii",3 Bush St,Saint John,malissa@talty.org
Tandra,Castillanos,Stony Creek Apartments,629 105th Ave,Hamilton,tcastillanos@castillanos.com
Lorean,Sammon,Arizona Store Equipment,58 Executive Dr,Regina,lorean@yahoo.com
Desirae,Oien,L & P Construction,200 W Bijou St #6013,Calgary,desirae.oien@hotmail.com
Delsie,Cerao,Bacompt,2 Us Highway 206,English Settlement,delsie.cerao@cerao.org
Mabel,Elmquist,Tarkett Inc,8570 E 8th St,Winnipeg,mabel_elmquist@elmquist.com
Marnie,Purslow,Century 21 Twin Oaks Rlty Inc,3068 N Interstate 35,Winnipeg,marnie.purslow@purslow.com
Rene,Granier,"Cohen, Mortimer S Esq",4241 Tapp St,Calgary,rene@cox.net
Trevor,Harnist,"Meraglio, Ruissell J Jr",99 Hart St,Dartmouth,trevor.harnist@hotmail.com
Sharmaine,Batdorf,Stritzel Awning Svc,1822 Guilford Rd,Saint-Basile,sharmaine_batdorf@batdorf.com
Ricki,Traux,"Collins, Frederick H Esq",995 Concord Rd,Montreal,ricki.traux@traux.com
Bernadine,Shufelt,"Mulligan, Thomas O Esq",3 Main St,Sudbury,bernadine_shufelt@shufelt.org
Shad,Reider,City Judge,7995 Douglas Rd E #6,Lloydminster,shad_reider@aol.com
Kenneth,Degennaro,"Dodson, Mac Pa",965 Bryant St,St Martins,kenneth.degennaro@aol.com
Marleen,Hennon,Welsch Metal Products Inc,2863 Brooklyn Terminal Mkt,Abbotsford,marleen_hennon@aol.com
Joaquin,Geitner,Cellular One,6410 E State Hwy,Calgary,joaquin_geitner@cox.net
Slyvia,Stockham,Finchers Findings,4895 Country Club Rd,Quebec,slyvia.stockham@aol.com
Kris,Bala,U S Tsubaki Inc,43 Gateway Blvd,Brampton,kris_bala@gmail.com
Gussie,Diflorio,Cliff Clarks Inc Sales & Serv,881 South St #4,Trenton,gussie_diflorio@cox.net
Lavelle,Lillywhite,"Schivley, G Gregory",5 S Taylor Ave,La Malbaie,lavelle.lillywhite@hotmail.com
Bev,Dermo,Nicks Printing,6059 Alewa Dr,Surrey,bev.dermo@dermo.com
Bette,Digiovanni,"Nassar, Monique A Esq",345 Broadway St,London,bette.digiovanni@digiovanni.org
Lajuana,Mccloud,Cesena Printg E Side Printg Co,7 W Pine St,Saint-Thomas,lajuana_mccloud@hotmail.com
Shakira,Westervelt,Buena Clerk,5470 N Lamar Blvd #542,North Vancouver,swestervelt@westervelt.org
Matt,Nickolich,"Bonina, John A Esq",103 E Main St #59,Regina,matt@gmail.com
Clemencia,Momplaisir,Computer System Dynamics,698 N Allen Rd,Montreal,cmomplaisir@yahoo.com
Oliva,Ambert,Kleins Hallmark Cards,1 Broadway St,Dawson Settlement,oambert@gmail.com
Ranee,Maye,Construction Services Inc,5361 N 500 W #3065,Les Cedres,ranee_maye@maye.com
Ming,Eskew,"Dickman, J Scott Esq",4153 Broughton Ave,Victoria,ming_eskew@eskew.com
Annice,Peckens,"Hering, Glenn Z Esq",5 Falls Rd,Victoria,apeckens@peckens.org
Effie,Frymark,"Razzoog, Michael E Dds",51 3rd Ave,London,effie_frymark@gmail.com
Maricela,Conger,Phase One Office Products,865 N Port Ave,Coquitlam,mconger@aol.com
Esteban,Plantenberg,Midwest Wheel Companies,78 E River,Surrey,esteban@cox.net
Doretha,Wykle,"Lafave, E Joseph Iii",5106 N Laurel Park Dr,Kenora,doretha@yahoo.com
Dorsey,Neitzke,"Turley, Joseph M",9768 A Aven #112,Truro,dorsey_neitzke@hotmail.com
Amie,Okuniewski,Motion Industries Inc,24 Venice Rd,Pembroke,amie@yahoo.com
Bulah,Berkoff,Balan Marketing Co,2497 Pennsylvania Ave,Strathroy,bulah.berkoff@cox.net
Erin,Delbosque,Curtiss Wright Corp,357 W Mount Royal Ave,Longueuil,erin@cox.net
Kassandra,Marushia,Phelps Tool & Die Co Inc,123 Euclid Ave #9396,Nanaimo,kassandra@gmail.com
Leslee,Matsuno,Factory Mattress Outlet,1251 E Main St #990,Quebec,leslee_matsuno@matsuno.org
Daniel,Dobler,Cosgroves N End Plbg & Hdwr Co,259 W 17th St #39,Beresford,ddobler@dobler.com
Antonio,Unruh,Mission Lincoln Properties,9 Route 38,Port Coquitlam,antonio.unruh@hotmail.com
